{"cities":["徐州","宿州","济宁","泰安","青岛","滁州","南京","扬州","镇江","安庆","黄山","歙县","池州","无锡","苏州","上海","杭州","嘉兴","湖州","绍兴","义乌","金华","东阳","磐安","仙居","温州","福鼎","宁德","福州","莆田","泉州","厦门","深圳","广州","武汉","长沙","张家界","凤凰","北京","香港","郑州","洛阳","西安市","渭南","杨凌","宝鸡","汉中","安康","延安","榆林","太原","洪洞","平遥","灵石","介休","代县","大同市","天水","兰州","西宁","青海湖","张掖","嘉峪关","敦煌","成都","重庆","武隆","都江堰","昆明","大理","丽江"],"coordMap":{"徐州":[117.29057543439453,34.21266655011306],"宿州":[116.97054394561262,33.65209532645213],"济宁":[116.59361234853988,35.420177394529645],"泰安":[117.0944948347959,36.2058580448846],"青岛":[120.38945519114627,36.072227496663224],"滁州":[118.33940613596579,32.26127087204081],"南京":[118.80242172124585,32.06465288561847],"扬州":[119.41941890822997,32.40067693609037],"镇江":[119.43048944567383,32.19471592052375],"安庆":[117.1212827542562,30.53922247681024],"黄山":[118.14760982483591,30.27865098018807],"歙县":[118.42146012978772,29.866287675757313],"池州":[117.50208200570214,30.68054196371511],"无锡":[120.31858328810601,31.498809732685714],"苏州":[120.59241222959322,31.303564074441766],"上海":[121.48053886017651,31.235929042252014],"杭州":[120.21551180372168,30.25308298169347],"嘉兴":[120.76355182586005,30.750974830920143],"湖州":[120.09451660915789,30.898963937294184],"绍兴":[120.59002264710614,30.057657361054257],"义乌":[120.08158099305928,29.31114987541007],"金华":[119.65343619052916,29.084639385513697],"东阳":[120.2484219279141,29.295861065150863],"磐安":[120.45651305177348,29.060103175107464],"仙居":[120.73543520574904,28.85322569325804],"温州":[120.70647689035565,28.00108540447221],"福鼎":[120.22345190932259,27.33052497252825],"宁德":[119.55451074542829,26.672241711408567],"福州":[119.30346983854001,26.080429420698078],"莆田":[119.0145209781265,25.45986545592271],"泉州":[118.68244626680422,24.879952330498313],"厦门":[118.09643549976651,24.485406605176305],"深圳":[114.06455183658751,22.548456637984177],"广州":[113.27143134445974,23.135336306695006],"武汉":[114.31158155473231,30.598466736400987],"长沙":[113.08755916595523,28.251818487944462],"张家界":[110.48553254695402,29.122815562551878],"凤凰":[109.60552668830216,27.95384780972621],"北京":[116.4133836971231,39.910924547299565],"香港":[114.17153310583812,22.281155079145023],"郑州":[113.63141920733915,34.75343885045448],"洛阳":[112.4594212983115,34.62426277921943],"西安市":[108.94646555063274,34.34726881662395],"渭南":[109.51658960525897,34.50571551675255],"杨凌":[121.24678449528658,30.041491354703993],"宝鸡":[107.2445753670404,34.36891564286998],"汉中":[107.02943020926463,33.073799907833795],"安康":[109.03560108265746,32.69051277057377],"延安":[109.50118366576285,36.656089661066176],"榆林":[109.74161603381395,38.290883835484046],"太原":[112.55639149167204,37.87698902884778],"洪洞":[111.68158942671826,36.25946707937692],"平遥":[112.182455563814,37.195600690703],"灵石":[111.78561787596237,36.85336750127023],"介休":[111.92356319719394,37.03268640360337],"代县":[112.96655194854216,39.07272834638067],"大同市":[113.37336244450448,40.102783001859564],"天水":[105.73141674566955,34.58741188165064],"兰州":[103.84052119633628,36.067234693545565],"西宁":[101.78445017050855,36.62338469651661],"青海湖":[100.91970032387253,36.970975859248696],"张掖":[100.45641147405634,38.932066007004934],"嘉峪关":[98.29620384300111,39.77796014739059],"敦煌":[94.66852702576244,40.14786748424431],"成都":[104.07274727406208,30.578993724029967],"重庆":[106.55843415537664,29.568996245338923],"武隆":[107.76642518951796,29.33202687074895],"都江堰":[103.65353360443186,30.994256893542204],"昆明":[102.83944512326053,24.886272111644136],"大理":[100.30807238852897,25.68461354603664],"丽江":[100.23246452903453,26.860657438064884]}}